{
  "count": 35,
  "uniques": 6,
  "clones": [
    {
      "timestamp": "2023-04-05T00:00:00Z",
      "count": 1,
      "uniques": 1
    },
    {
      "timestamp": "2023-04-07T00:00:00Z",
      "count": 1,
      "uniques": 1
    },
    {
      "timestamp": "2023-04-10T00:00:00Z",
      "count": 12,
      "uniques": 1
    },
    {
      "timestamp": "2023-04-11T00:00:00Z",
      "count": 1,
      "uniques": 1
    },
    {
      "timestamp": "2023-04-13T00:00:00Z",
      "count": 20,
      "uniques": 3
    }
  ]
}
