[
  {
    "path": "/BoothGroup/ebcc",
    "title": "BoothGroup/ebcc: Coupled cluster models for both purely electron and coupled ...",
    "count": 28,
    "uniques": 6
  },
  {
    "path": "/BoothGroup/ebcc/pulls",
    "title": "Pull requests · BoothGroup/ebcc",
    "count": 12,
    "uniques": 1
  },
  {
    "path": "/BoothGroup/ebcc/pull/13",
    "title": "Restore missing `del` statements by obackhouse · Pull Request #13 · BoothGrou...",
    "count": 8,
    "uniques": 1
  },
  {
    "path": "/BoothGroup/ebcc/community/license/new",
    "title": "Add a license to BoothGroup/ebcc",
    "count": 5,
    "uniques": 1
  },
  {
    "path": "/BoothGroup/ebcc/pull/12",
    "title": "Spin permutation simplifications by obackhouse · Pull Request #12 · BoothGrou...",
    "count": 5,
    "uniques": 1
  },
  {
    "path": "/BoothGroup/ebcc/tree/dev",
    "title": "BoothGroup/ebcc at dev",
    "count": 4,
    "uniques": 1
  },
  {
    "path": "/BoothGroup/ebcc/pulse",
    "title": "Pulse · BoothGroup/ebcc",
    "count": 3,
    "uniques": 2
  },
  {
    "path": "/BoothGroup/ebcc/compare/dev",
    "title": "Comparing master...dev · BoothGroup/ebcc",
    "count": 3,
    "uniques": 1
  },
  {
    "path": "/BoothGroup/ebcc/tree/dev/tests",
    "title": "ebcc/tests at dev · BoothGroup/ebcc",
    "count": 3,
    "uniques": 1
  },
  {
    "path": "/BoothGroup/ebcc/graphs/traffic",
    "title": "Traffic · BoothGroup/ebcc",
    "count": 2,
    "uniques": 2
  }
]
