[
  {
    "path": "/BoothGroup/ebcc",
    "title": "BoothGroup/ebcc: Coupled cluster models for both purely electron and coupled ...",
    "count": 13,
    "uniques": 5
  },
  {
    "path": "/BoothGroup/ebcc/pulls",
    "title": "Pull requests · BoothGroup/ebcc",
    "count": 9,
    "uniques": 1
  },
  {
    "path": "/BoothGroup/ebcc/community/license/new",
    "title": "Add a license to BoothGroup/ebcc",
    "count": 5,
    "uniques": 1
  },
  {
    "path": "/BoothGroup/ebcc/pull/12",
    "title": "Spin permutation simplifications by obackhouse · Pull Request #12 · BoothGrou...",
    "count": 5,
    "uniques": 1
  },
  {
    "path": "/BoothGroup/ebcc/tree/dev",
    "title": "BoothGroup/ebcc at dev",
    "count": 4,
    "uniques": 1
  },
  {
    "path": "/BoothGroup/ebcc/tree/dev/tests",
    "title": "ebcc/tests at dev · BoothGroup/ebcc",
    "count": 3,
    "uniques": 1
  },
  {
    "path": "/BoothGroup/ebcc/blob/dev/tests/test_UCCSDT.py",
    "title": "ebcc/test_UCCSDT.py at dev · BoothGroup/ebcc · GitHub",
    "count": 2,
    "uniques": 1
  },
  {
    "path": "/BoothGroup/ebcc/compare/dev",
    "title": "Comparing master...dev · BoothGroup/ebcc",
    "count": 2,
    "uniques": 1
  },
  {
    "path": "/BoothGroup/ebcc/new/dev",
    "title": "New File · GitHub",
    "count": 2,
    "uniques": 1
  },
  {
    "path": "/BoothGroup/ebcc/security",
    "title": "Security Overview · BoothGroup/ebcc",
    "count": 2,
    "uniques": 1
  }
]
