{
  "count": 55,
  "uniques": 5,
  "views": [
    {
      "timestamp": "2023-03-29T00:00:00Z",
      "count": 1,
      "uniques": 1
    },
    {
      "timestamp": "2023-04-01T00:00:00Z",
      "count": 1,
      "uniques": 1
    },
    {
      "timestamp": "2023-04-04T00:00:00Z",
      "count": 1,
      "uniques": 1
    },
    {
      "timestamp": "2023-04-05T00:00:00Z",
      "count": 1,
      "uniques": 1
    },
    {
      "timestamp": "2023-04-06T00:00:00Z",
      "count": 4,
      "uniques": 1
    },
    {
      "timestamp": "2023-04-10T00:00:00Z",
      "count": 46,
      "uniques": 2
    },
    {
      "timestamp": "2023-04-11T00:00:00Z",
      "count": 1,
      "uniques": 1
    }
  ]
}
